{"cameraMode":{"drawMode":0,"name":"Shaded","section":"Shading Mode"},"sceneLighting":true,"audioPlay":false,"sceneViewState":{"showFog":true,"showMaterialUpdate":false,"showSkybox":true,"showFlares":true,"showImageEffects":true,"showParticleSystems":true},"in2DMode":false,"pivot":{"x":-66.6064453125,"y":-21.802101135253908,"z":141.2083282470703},"rotation":{"x":0.4975378215312958,"y":0.311725914478302,"z":-0.19756996631622315,"w":0.7850148677825928},"size":44.49822235107422,"orthographic":false}